{"cameraMode":{"drawMode":0,"name":"Shaded","section":"Shading Mode"},"sceneLighting":false,"audioPlay":false,"sceneViewState":{"showFog":true,"showMaterialUpdate":false,"showSkybox":true,"showFlares":true,"showImageEffects":true,"showParticleSystems":true},"in2DMode":false,"pivot":{"x":3.902475357055664,"y":2.4709339141845705,"z":1.8845319747924805},"rotation":{"x":0.24918034672737122,"y":0.0348554290831089,"z":-0.008974199183285237,"w":0.9677900671958923},"size":10.0,"orthographic":false}